,-59.875,-59.625,-59.375,-59.125,-58.875,-58.625,-58.375,-58.125,-57.875,-57.625,-57.375,-57.125,-56.875,-56.625,-56.375,-56.125,-55.875,-55.625,-55.375,-55.125,-54.875,-54.625,-54.375,-54.125,-53.875,-53.625,-53.375,-53.125,-52.875,-52.625,-52.375,-52.125,-51.875,-51.625,-51.375,-51.125,-50.875,-50.625,-50.375,-50.125,-49.875,-49.625,-49.375,-49.125,-48.875,-48.625,-48.375,-48.125,-47.875,-47.625,-47.375,-47.125,-46.875,-46.625,-46.375,-46.125,-45.875,-45.625,-45.375,-45.125,-44.875,-44.625,-44.375,-44.125,-43.875,-43.625,-43.375,-43.125,-42.875,-42.625,-42.375,-42.125,-41.875,-41.625,-41.375,-41.125,-40.875,-40.625,-40.375,-40.125,-39.875,-39.625,-39.375,-39.125,-38.875,-38.625,-38.375,-38.125,-37.875,-37.625,-37.375,-37.125,-36.875,-36.625,-36.375,-36.125,-35.875,-35.625,-35.375,-35.125,-34.875
-69.875,2.3999999,2.5,2.55,2.96,3.79,4.65,5.0899997,5.16,5.04,5.19,5.4,5.5899997,5.7,5.83,6.16,6.6499996,7.04,7.19,7.18,7.2,,,,5.89,,5.65,5.5299997,,,5.72,,,,,,,,,,,,,,,,,,,,,,,,,,,,,,,,,,,,,,,,,,,,,,,,,,,,,,,,,,,,,,,,,,,,,,,
-69.625,2.6299999,2.59,2.4099998,2.62,3.3899999,4.4,5.0,5.1099997,4.95,5.0699997,5.29,5.5299997,5.73,5.99,6.3799996,6.85,7.14,7.16,7.0899997,,,,,,,5.43,5.39,,,5.7799997,,,,,,,,,,,,,,,,,,,,,,,,,,,,,,,,,,,,,,,,,,,,,,,,,,,,,,,,,,,,,,,,,,,,,,,
-69.375,2.9299998,2.8,2.45,2.3799999,3.1799998,4.19,4.8199997,4.95,4.8599997,4.94,5.15,5.42,5.71,6.0699997,6.52,6.94,7.1099997,7.08,,,,,,,,,5.31,,,,4.81,,,,,,,,,,,,,,,,,,,,,,,,,,,,,,,,,,,,,,,,,,,,,,,,,,,,,,,,,,,,,,,,,,,,,,
-69.125,3.1699998,2.9299998,2.47,2.34,2.8999999,3.8899999,4.6,4.81,4.7599998,4.83,5.0,5.27,5.6,6.02,6.5099998,6.8799996,6.97,6.8999996,,,,,,,,,,,,4.92,4.89,,,,,5.1,5.41,5.69,,,,,,,,,,,,,,,,,,,,,,,,,,,,,,,,,,,,,,,,,,,,,,,,,,,,,,,,,,,,,,,
-68.875,3.29,2.9399998,2.49,2.4199998,2.95,3.8999999,4.43,4.68,4.65,4.74,4.8599997,5.0899997,5.42,5.8599997,6.37,6.72,6.79,6.72,,,,,,,,,,,,4.92,4.91,,,4.64,4.87,5.2599998,5.66,5.97,6.18,,,,,,,,,,,,,,,,,,,,,,,,,,,,,,,,,,,,,,,,,,,,,,,,,,,,,,,,,,,,,,
-68.625,3.22,2.9199998,2.61,2.7,3.28,4.0299997,4.41,4.6,4.58,4.69,4.7599998,4.94,5.25,5.7,6.22,6.5699997,6.6499996,6.5899997,,,,,,,,,,,,4.89,4.88,4.7799997,4.77,4.88,5.2,5.6299996,6.02,6.24,6.29,,,,,,,,,,,,,,,,,,,,,,,,,,,,,,,,,,,,,,,,,,,,,,,,,,,,,,,,,,,,,,
-68.375,3.05,2.8999999,2.73,3.0,3.55,4.15,4.45,4.54,4.56,4.69,4.73,4.89,5.22,5.67,6.16,6.49,6.56,6.49,,,,,,,,,,4.54,4.77,4.92,4.98,4.98,5.08,5.3399997,5.71,6.1099997,6.42,6.47,6.35,6.18,,,,,,,,,,,,,,,,,,,,,,,,,,,,,,,,,,,,,,,,,,,,,,,,,,,,,,,,,,,,,
-68.125,2.8999999,2.83,2.9199998,3.24,3.78,4.2799997,4.56,4.56,4.5699997,4.68,4.74,4.94,5.31,5.7599998,6.25,6.52,6.52,6.31,6.0,,,,,,,,4.12,4.5499997,4.88,5.08,5.19,5.27,5.5,5.85,6.25,6.6,6.74,6.64,6.41,6.22,,,,,,,,,,,,,,,,,,,,,,,,,,,,,,,,,,,,,,,,,,,,,,,,,,,,,,,,,,,,,
-67.875,2.75,2.75,3.01,3.3899999,3.99,4.5,4.68,4.5899997,4.58,4.63,4.71,4.97,5.41,5.9,6.35,6.5499997,6.45,6.14,5.7999997,,,,,,,3.53,4.08,4.64,5.0299997,5.2999997,5.46,5.6,5.87,6.22,6.58,6.8599997,6.89,6.73,6.49,6.2999997,,,,,,,,,,,,,,,,,,,,,,,,,,,,,,,,,,,,,,,,,,,,,,,,,,,,,,,,,,,,,
-67.625,2.58,2.62,2.96,3.49,4.15,4.67,4.7599998,4.62,4.5299997,4.54,4.64,4.95,5.45,5.98,6.41,6.58,6.5299997,,5.5899997,,,,,,,3.77,4.25,4.79,5.18,5.5,5.7,5.87,6.16,6.49,6.7799997,6.97,6.98,6.8399997,6.5899997,6.39,6.2999997,6.29,6.29,6.3199997,,,,,,,,,,,,8.639999,,,,,,,,,,,,,,,,,,,,,,,,,,,,,,,,,,,,,,,,,,,,,
-67.375,2.33,2.3799999,2.76,3.4299998,4.16,4.73,4.8199997,4.63,4.46,4.46,4.58,4.91,5.41,5.93,6.3599997,6.5699997,6.54,,5.5699997,,,,,,4.0099998,4.16,4.54,4.97,5.2999997,5.5699997,5.8199997,6.0499997,6.35,6.6299996,6.8599997,7.0299997,7.06,6.93,6.71,6.54,6.48,6.48,6.5,6.5,6.5299997,,,,,,,,,8.34,8.49,8.639999,8.74,,,,,,,,,,,,,,,,,,,,,,,,,,,,,,,,,,,,,,,,,,,,
-67.125,2.03,2.07,2.49,3.23,4.0899997,4.72,4.88,4.67,4.43,4.41,4.5299997,4.85,5.29,5.77,6.23,6.49,6.47,6.21,5.87,,,,,4.29,4.41,4.62,4.8599997,5.12,5.35,5.58,5.8399997,6.0899997,6.3599997,6.62,6.85,7.04,7.0899997,6.99,6.8199997,6.7,6.66,6.7,6.74,6.74,6.72,6.73,,,,,,,,8.3,8.5,8.69,8.82,8.87,8.91,,,,,,,,,,,,,,,,,,,,,,,,,,,,,,,,,,,,,,,,,,
-66.875,1.5999999,1.73,2.25,3.09,4.0,4.65,4.8399997,4.71,4.38,4.3199997,4.44,4.75,5.13,5.5299997,5.98,6.33,6.42,6.27,6.06,5.87,,,,4.71,4.92,5.0699997,5.17,5.23,5.3599997,5.58,5.8199997,6.0499997,6.27,6.54,6.81,7.02,7.0899997,7.02,6.89,6.81,6.8199997,6.92,6.99,6.97,6.93,6.89,,,,,,,7.89,8.2,8.51,8.7699995,8.9,8.929999,8.96,,,,,,,,,,,,,,,,,,,,,,,,,,,,,,,,,,,,,,,,,,
-66.625,1.01,1.4,2.1699998,3.1399999,4.0,4.62,4.7999997,4.63,4.25,4.0899997,4.23,4.5699997,4.93,5.25,5.67,6.06,6.2999997,6.3399997,6.2999997,6.0899997,,,5.0499997,5.2,5.43,5.5,5.46,5.39,5.44,5.6099997,5.81,6.0099998,6.21,6.48,6.77,6.99,7.0699997,7.02,6.93,6.8999996,6.92,7.04,7.12,7.1299996,7.12,7.04,6.98,,,,,,7.87,8.21,8.57,8.87,9.0,9.0199995,9.0199995,,,,,,,,,,,,,,,,,,,,,,,,,,,,,,,,,,,,,,,,,,
-66.375,0.57,1.15,2.1,3.1999998,4.06,4.58,4.71,4.44,3.9499998,3.7099998,3.86,4.2999997,4.73,5.0299997,5.3599997,5.75,6.0899997,6.31,6.43,6.2999997,,,5.2999997,5.56,5.79,5.8399997,5.73,5.6099997,5.6299996,5.75,5.87,6.0,6.18,6.43,6.7,6.91,7.02,7.0,6.97,6.96,6.99,7.08,7.17,7.22,7.2,7.1099997,7.0,,,,,,7.85,8.23,8.63,8.94,9.07,9.099999,9.08,9.04,,,,,,,,,,,,,,,,,,,,,,,,,,,,,,,,,,,,,,,,,
-66.125,0.07,0.85999995,1.9699999,3.1399999,4.0099998,4.43,4.49,4.14,3.53,3.1999998,3.36,3.9599998,4.5499997,4.89,5.1099997,5.42,5.79,6.12,6.37,6.2999997,,,5.5699997,5.7999997,6.04,6.08,5.97,5.87,5.89,5.97,6.02,6.08,6.2,6.3799996,6.6,6.79,6.92,6.97,6.99,7.02,7.04,7.1,7.16,7.22,7.24,7.16,6.99,6.8399997,,,,,7.75,8.2,8.67,8.99,9.12,9.15,9.11,9.059999,,,,,,,,,,,,,,,,,,,,,,,,,,,,,,,,,,,,,,,,,
-65.875,-0.14999999,0.69,1.8499999,3.02,3.83,4.24,4.23,3.6999998,3.08,2.6699998,2.87,3.61,4.4,4.83,5.0,5.2,5.46,5.79,6.1299996,6.16,6.0499997,5.9,5.7999997,5.95,6.2,6.27,6.2,6.1299996,6.15,6.21,6.21,6.21,6.24,6.35,6.5,6.67,6.81,6.91,6.98,7.0499997,7.08,7.12,7.1499996,7.18,7.22,7.19,7.02,6.8599997,6.6,,,7.17,7.56,8.139999,8.66,8.99,9.16,9.2,9.16,9.09,,,,,,,,,,,,,,,,,,,,,,,,,,,,,,,,,,,,,,,,,
-65.625,-0.29999998,0.59,1.75,2.8799999,3.56,3.9399998,3.84,3.31,2.72,2.28,2.53,3.3799999,4.29,4.81,4.99,5.0899997,5.2,5.46,5.81,6.0099998,6.0899997,6.0499997,5.92,6.0499997,6.29,6.39,6.3799996,6.3599997,6.35,6.3799996,6.37,6.33,6.2999997,6.3199997,6.41,6.56,6.72,6.85,6.96,7.0499997,7.1,7.16,7.18,7.18,7.23,7.21,7.0699997,6.93,6.68,6.5899997,6.69,7.06,7.52,8.08,8.599999,8.96,9.179999,9.25,9.2,9.11,9.059999,9.12,,,,,,,,,,,,,,,,,,,,,,,,,,,,,,,,,,,,,,,
-65.375,-0.35,0.58,1.66,2.69,3.29,3.58,3.51,3.05,2.5,2.1499999,2.46,3.34,4.2599998,4.8199997,5.0099998,5.0699997,5.0699997,5.17,5.49,5.83,6.06,6.16,6.12,6.14,6.3199997,6.41,6.45,6.47,6.5,6.5099998,6.5,6.45,6.39,6.35,6.3799996,6.5,6.67,6.81,6.92,7.0499997,7.1299996,7.2,7.2,7.18,7.25,7.24,7.1299996,7.0299997,6.89,6.87,6.94,7.18,7.58,8.08,8.55,8.9,9.12,9.23,9.23,9.17,9.12,9.179999,,,,,,,,,,,,,,,,,,,,,,,,,,,,,,,,,,,,,,,
-65.125,-0.35,0.53,1.54,2.46,3.03,3.32,3.29,2.97,2.52,2.29,2.6399999,3.51,4.39,4.9,5.08,5.13,5.02,5.0099998,5.23,5.6099997,5.95,6.17,6.25,6.22,6.3199997,6.37,6.43,6.48,6.5299997,6.5699997,6.58,6.5299997,6.46,6.3999996,6.3999996,6.48,6.6299996,6.77,6.89,7.02,7.14,7.22,7.23,7.21,7.24,7.2599998,7.23,7.21,7.21,7.2799997,7.2999997,7.43,7.7,8.12,8.51,8.8,9.01,9.16,9.23,9.23,9.19,9.28,9.51,9.65,9.639999,9.57,,,,,,,,,,11.849999,11.79,,,,,,,,,,,,,,,,,,,,,,,,
-64.875,-0.28,0.45999998,1.42,2.29,2.8799999,3.3,3.3799999,3.11,2.76,2.61,2.95,3.73,4.49,4.96,5.1099997,5.14,5.06,4.91,5.02,5.3599997,5.7999997,6.12,6.23,6.27,6.31,6.35,6.39,6.44,6.49,6.5499997,6.5699997,6.56,6.5099998,6.45,6.43,6.49,6.5899997,6.72,6.85,6.99,7.1099997,7.21,7.23,7.23,7.24,7.24,7.2999997,7.3599997,7.47,7.58,7.6,7.68,7.85,8.13,8.389999,8.63,8.84,9.059999,9.22,9.25,9.25,9.34,9.559999,9.76,9.7699995,9.719999,9.9,,,11.45,,12.349999,12.219999,12.13,12.11,11.99,11.91,,,,,,,,,,,,,,,,,,,,,,,,
-64.625,-0.29999998,0.41,1.3,2.1499999,2.84,3.22,3.5,3.36,3.09,2.98,3.25,3.87,4.54,4.93,5.0499997,5.1,5.0499997,4.88,4.9,5.22,5.66,6.0499997,6.2,6.24,6.2799997,6.33,6.37,6.39,6.44,6.5,6.5499997,6.56,6.5299997,6.47,6.45,6.48,6.56,6.67,6.81,6.95,7.08,7.19,7.23,7.24,7.23,7.22,7.29,7.3999996,7.56,7.69,7.75,7.8199997,7.9199996,8.09,8.23,8.389999,8.63,8.889999,9.08,9.21,9.26,9.349999,9.57,9.84,9.889999,9.82,10.099999,10.559999,10.96,11.37,,12.349999,12.21,12.16,12.179999,12.139999,12.059999,,,,,,,,,,,,,,,,,,,,,,,,
-64.375,-0.39,0.28,1.1,1.93,2.69,3.24,3.62,3.62,3.4499998,3.35,3.53,3.9599998,4.44,4.75,4.88,5.0,5.0099998,4.8399997,4.81,5.08,5.52,5.92,6.1099997,6.14,6.18,6.2599998,6.31,6.35,6.3999996,6.47,6.52,6.54,6.52,6.47,6.45,6.47,6.54,6.6299996,6.77,6.91,7.04,7.16,7.22,7.23,7.22,7.21,7.2999997,7.41,7.54,7.69,7.74,7.85,7.85,7.97,8.059999,8.19,8.38,8.65,8.929999,9.09,9.179999,9.32,9.54,9.82,9.92,9.87,10.08,10.48,10.91,11.46,11.84,12.04,11.969999,12.04,12.15,12.2,12.12,,,,,,,,,,,,,,,,,,,,,,,,
-64.125,-0.44,0.22999999,0.94,1.7199999,2.49,3.1399999,3.62,3.73,3.6299999,3.6,3.75,4.0099998,4.31,4.54,4.69,4.83,4.88,4.7599998,4.73,5.0299997,5.48,5.8799996,6.04,6.0099998,6.0299997,6.12,6.22,6.2999997,6.37,6.45,6.5099998,6.54,6.52,6.49,6.45,6.47,6.52,6.62,6.74,6.8799996,7.0099998,7.12,7.18,7.21,7.22,7.21,7.2799997,7.41,7.46,7.5499997,7.6299996,7.74,7.73,7.81,7.89,8.0,8.15,8.4,8.67,8.86,9.0199995,9.22,9.45,9.69,9.84,9.86,9.969999,10.28,10.55,,,11.67,11.67,11.84,12.04,12.13,,,,,,,,,,,,,,,,,,,,,,,,,
-63.875,-0.42,0.19999999,0.84999996,1.56,2.27,2.8799999,3.35,3.52,3.55,3.6599998,3.8999999,4.13,4.27,4.41,4.5699997,4.71,4.75,4.64,4.69,5.06,5.56,5.92,6.0,5.89,5.8799996,5.97,6.1099997,6.25,6.3599997,6.44,6.52,6.5499997,6.5499997,6.52,6.48,6.48,6.5099998,6.6,6.71,6.8399997,6.97,7.0899997,7.17,7.2,7.21,7.21,7.2599998,7.3399997,7.35,7.4199996,7.46,7.52,7.62,7.7,7.7599998,7.87,8.01,8.16,8.37,8.599999,8.809999,9.07,9.32,9.54,9.69,9.7699995,9.87,10.0199995,10.25,,,11.219999,11.309999,11.62,11.87,11.98,,,,,,,,,,,,,,,,,,,,,,,,,
-63.625,-0.41,0.17999999,0.74,1.36,1.9499999,2.46,2.78,2.95,3.1599998,3.58,4.0299997,4.31,4.3399997,4.41,4.56,4.71,4.72,4.62,4.68,5.0899997,5.62,6.0099998,6.0499997,5.83,5.7599998,5.85,6.0299997,6.22,6.3599997,6.44,6.5,6.5499997,6.5699997,6.56,6.5099998,6.5,6.5299997,6.58,6.68,6.79,6.93,7.0699997,7.16,7.2,7.21,7.21,7.24,7.2799997,7.2999997,7.29,7.3199997,7.37,7.52,7.6499996,7.77,7.83,7.97,8.09,8.21,8.45,8.67,8.929999,9.2,9.4,9.54,9.65,9.74,9.82,10.0199995,10.03,,10.91,11.09,11.42,11.67,11.7699995,,,,,,,,,,,,,,,,,,,,,,,,,
-63.375,-0.48,0.08,0.57,1.09,1.5799999,1.99,2.1699998,2.29,2.6499999,3.35,4.0099998,4.44,4.49,4.54,4.68,4.8199997,4.81,4.68,4.73,5.14,5.67,6.04,6.12,5.79,5.67,5.77,5.99,6.22,6.3599997,6.44,6.48,6.52,6.5699997,6.58,6.5499997,6.54,6.5699997,6.6099997,6.68,6.7799997,6.8999996,7.02,7.12,7.17,7.21,7.21,7.23,7.22,7.22,7.21,7.21,7.3199997,7.48,7.66,7.81,7.91,8.099999,8.2,8.32,8.46,8.63,8.849999,9.099999,9.3,9.42,9.55,9.69,9.809999,9.929999,10.08,10.28,10.66,10.98,11.3,11.5199995,11.599999,,,,,,,,,,,,,,,,,,,,,,,,,
-63.125,-0.62,-0.13,0.29,0.68,1.14,1.52,1.65,1.67,2.1499999,3.04,4.0099998,4.5099998,4.64,4.68,4.8199997,4.93,4.93,4.79,4.7999997,5.15,5.62,6.0099998,6.1,5.79,5.66,5.7599998,5.98,6.22,6.37,6.44,6.46,6.49,6.5499997,6.5899997,6.56,6.5699997,6.6,6.6299996,6.68,6.7599998,6.8599997,6.96,7.04,7.1099997,7.16,7.18,7.22,7.19,7.18,7.18,7.1499996,7.27,7.44,7.64,7.83,8.05,8.22,8.34,8.429999,8.53,8.63,8.82,9.03,9.22,9.34,9.48,9.639999,9.8,9.94,10.12,10.389999,10.74,11.09,11.33,11.389999,11.36,,,,,,,,,,,,,,,,,,,,,,,,,
-62.875,-0.83,-0.45,-0.14999999,0.14,0.56,1.02,1.25,1.36,1.8,2.77,3.86,4.5499997,4.65,4.69,4.7999997,4.88,4.91,4.8599997,4.8599997,5.1,5.47,5.85,5.94,5.7599998,5.65,5.7599998,5.99,6.23,6.39,6.43,6.43,6.46,6.5299997,6.56,6.56,6.5699997,6.6,6.64,6.67,6.75,6.83,6.92,6.99,7.04,7.0899997,7.1299996,7.17,7.16,7.1499996,7.14,7.1499996,7.25,7.41,7.58,7.7799997,8.04,8.23,8.36,8.5,8.58,8.67,8.83,9.0,9.16,9.28,9.41,9.559999,9.75,9.95,10.179999,10.49,10.849999,11.16,11.33,11.2699995,11.139999,,,,,,,,,,,,,,,,,,,,,,,,,
-62.625,-1.06,-0.82,-0.68,-0.47,-0.02,0.53999996,0.96999997,1.26,1.74,2.6699998,3.75,4.46,4.61,4.61,4.64,4.71,4.7999997,4.88,4.9,5.0299997,5.29,5.6,5.7599998,5.7,5.6299996,5.72,5.96,6.23,6.3999996,6.42,6.3999996,6.42,6.49,6.54,6.5299997,6.54,6.58,6.62,6.6499996,6.71,6.7799997,6.8599997,6.94,6.98,7.0299997,7.08,7.1299996,7.12,7.1299996,7.1499996,7.17,7.23,7.3599997,7.49,7.69,7.93,8.12,8.3,8.46,8.55,8.67,8.84,8.99,9.12,9.23,9.34,9.49,9.719999,10.0,10.28,10.61,10.929999,11.17,11.2699995,11.13,10.94,,,,,,,,,,,,,,,,,,,,,,,,,
-62.375,-1.23,-1.11,-1.09,-1.0,-0.55,0.099999994,0.78,1.31,1.8299999,2.6699998,3.6499999,4.31,4.54,4.5,4.48,4.52,4.64,4.8199997,4.91,5.02,5.17,5.43,5.58,5.5699997,5.54,5.6299996,5.9,6.18,6.35,6.3799996,6.3799996,6.41,6.48,6.5099998,6.5099998,6.5099998,6.54,6.5699997,6.6099997,6.66,6.72,6.81,6.8599997,6.89,6.94,7.0099998,7.0499997,7.0499997,7.1099997,7.1499996,7.16,7.21,7.31,7.43,7.6,7.79,7.96,8.11,8.2699995,8.41,8.59,8.809999,8.97,9.09,9.179999,9.2699995,9.44,9.7,10.03,10.37,10.71,10.96,11.13,11.16,11.0,10.73,10.349999,,9.01,9.0,,,,,,,,,,,,,,,,,,,,,
-62.125,-1.1999999,-1.24,-1.3399999,-1.3199999,-0.96999997,-0.29999998,0.56,1.3299999,1.9499999,2.75,3.61,4.18,4.42,4.4,4.31,4.31,4.47,4.72,4.9,4.99,5.0899997,5.27,5.42,5.44,5.41,5.52,5.81,6.1099997,6.27,6.3399997,6.3599997,6.3999996,6.46,6.48,6.47,6.48,6.5099998,6.54,6.5699997,6.6099997,6.6499996,6.7,6.74,6.7599998,6.8199997,6.89,6.93,6.98,7.0699997,7.14,7.17,7.22,7.29,7.39,7.5299997,7.68,7.81,7.91,8.059999,8.26,8.49,8.75,8.96,9.08,9.139999,9.21,9.36,9.639999,10.01,10.41,10.7699995,10.969999,11.059999,11.07,10.969999,10.73,10.38,9.95,9.45,9.33,9.389999,,,8.7699995,8.46,,,,,,,,,,,,,,,,
-61.875,-1.02,-1.1999999,-1.36,-1.41,-1.26,-0.65999997,0.29999998,1.35,2.1599998,2.9199998,3.6299999,4.06,4.21,4.25,4.14,4.1,4.21,4.5699997,4.87,4.98,5.06,5.17,5.2799997,5.29,5.27,5.41,5.73,6.0499997,6.24,6.3399997,6.37,6.41,6.45,6.43,6.42,6.44,6.48,6.5,6.5299997,6.56,6.5699997,6.58,6.6,6.62,6.68,6.7599998,6.8199997,6.91,7.0,7.1,7.17,7.22,7.2999997,7.3799996,7.48,7.6,7.69,7.7599998,7.91,8.13,8.38,8.67,8.92,9.05,9.09,9.13,9.26,9.55,9.94,10.389999,10.75,10.94,11.0199995,11.04,10.96,10.83,10.599999,10.219999,9.92,9.79,9.75,9.809999,9.599999,9.2699995,,,,,,,,,,,,,,,,,
-61.625,-0.77,-1.01,-1.26,-1.39,-1.39,-0.9,0.16,1.4499999,2.51,3.21,3.6499999,3.87,3.9599998,4.02,3.9599998,3.76,3.8,4.24,4.69,4.95,5.04,5.1099997,5.17,5.16,5.15,5.3199997,5.68,6.0299997,6.25,6.3399997,6.35,6.37,6.39,6.3599997,6.35,6.39,6.44,6.45,6.47,6.49,6.47,6.46,6.47,6.5099998,6.58,6.6499996,6.68,6.7999997,6.92,7.0499997,7.1099997,7.16,7.25,7.35,7.45,7.5499997,7.62,7.66,7.7799997,7.99,8.25,8.54,8.79,8.92,8.99,9.05,9.16,9.42,9.82,10.28,10.66,10.9,11.01,11.0199995,10.99,10.929999,10.78,10.53,10.349999,10.29,10.2699995,10.2,9.95,9.719999,,,,,,,,,,,,,,,,,
-61.375,-0.45999998,-0.74,-1.15,-1.35,-1.4599999,-1.03,0.06,1.52,2.73,3.4199998,3.61,3.6699998,3.6899998,3.77,3.6599998,3.3899999,3.3899999,3.86,4.46,4.8599997,5.06,5.1,5.12,5.0699997,5.08,5.2799997,5.66,6.02,6.24,6.31,6.3199997,6.31,6.31,6.29,6.29,6.3399997,6.39,6.41,6.42,6.42,6.3799996,6.37,6.39,6.44,6.52,6.54,6.6,6.68,6.79,6.91,6.99,7.0499997,7.1499996,7.2799997,7.41,7.5099998,7.5499997,7.5699997,7.66,7.85,8.09,8.349999,8.58,8.74,8.86,8.95,9.059999,9.28,9.61,10.04,10.44,10.75,10.94,10.99,11.0,11.01,10.94,10.78,10.7,10.73,10.7699995,10.69,10.46,10.21,,,,,,,,,,,,,,,,,
-61.125,-0.14,-0.5,-0.98999995,-1.26,-1.4,-1.0699999,-0.01,1.55,2.84,3.47,3.52,3.5,3.54,3.6299999,3.51,3.1999998,3.21,3.6899998,4.2999997,4.7999997,5.0099998,5.0699997,5.08,5.0299997,5.04,5.27,5.66,6.0099998,6.22,6.2799997,6.2799997,6.24,6.22,6.22,6.23,6.2799997,6.3599997,6.3999996,6.42,6.41,6.39,6.39,6.43,6.46,6.47,6.52,6.5499997,6.56,6.6499996,6.74,6.8399997,6.92,7.0499997,7.2,7.3399997,7.45,7.48,7.48,7.54,7.69,7.89,8.11,8.309999,8.5,8.69,8.86,8.98,9.13,9.38,9.75,10.16,10.51,10.75,10.889999,10.98,11.03,11.0199995,10.99,11.01,11.12,11.179999,11.15,10.96,10.7,,,,,,,,,,,,,,,,,
-60.875,0.0,-0.32999998,-0.81,-1.11,-1.25,-1.04,-0.049999997,1.53,2.85,3.3999999,3.4099998,3.3799999,3.4499998,3.58,3.48,3.3,3.35,3.79,4.3399997,4.75,4.95,5.0499997,5.06,4.99,5.0099998,5.2599998,5.65,5.99,6.19,6.2599998,6.25,6.18,6.16,6.14,6.12,6.19,6.31,6.3999996,6.47,6.48,6.49,6.5099998,6.52,6.49,6.46,6.46,6.46,6.45,6.48,6.5499997,6.6499996,6.77,6.94,7.12,7.27,7.37,7.41,7.4199996,7.45,7.56,7.71,7.87,8.04,8.26,8.5,8.71,8.889999,9.0199995,9.179999,9.48,9.86,10.24,10.55,10.8,10.96,11.09,11.15,11.19,11.32,11.44,11.55,11.46,11.32,11.059999,,,,,,,,,,,,,,,,,
-60.625,-0.07,-0.28,-0.66999996,-0.95,-1.09,-0.96999997,-0.11,1.39,2.6799998,3.22,3.28,3.23,3.36,3.57,3.6299999,3.59,3.7099998,4.0499997,4.47,4.7799997,4.92,5.0499997,5.06,4.99,5.02,5.27,5.66,5.98,6.17,6.24,6.22,6.14,6.12,6.0299997,5.99,6.08,6.24,6.39,6.52,6.58,6.6299996,6.6299996,6.6099997,6.52,6.42,6.35,6.31,6.2599998,6.2599998,6.31,6.42,6.5699997,6.77,6.99,7.17,7.27,7.33,7.3599997,7.3799996,7.44,7.5499997,7.66,7.81,8.01,8.2699995,8.53,8.78,8.91,9.03,9.26,9.61,10.0199995,10.349999,10.74,11.0,11.16,11.29,11.389999,11.54,11.679999,11.759999,11.7,11.49,11.21,,,,,,,,,,,,,,,,,
-60.375,-0.32999998,-0.42999998,-0.68,-0.87,-0.96,-0.87,-0.14999999,1.3399999,2.61,3.1499999,3.1699998,3.06,3.22,3.4399998,3.7099998,3.8799999,4.11,4.38,4.64,4.83,4.92,5.0499997,5.0699997,5.02,5.04,5.2799997,5.65,5.98,6.15,6.2,6.15,6.0699997,,5.95,5.93,5.99,6.14,6.35,6.5299997,6.66,6.73,6.7,6.6,6.47,6.3199997,6.2,6.1099997,6.0299997,6.0099998,6.06,6.16,6.3399997,6.5499997,6.77,6.97,7.12,7.2,7.25,7.27,7.3199997,7.3999996,7.47,7.5899997,7.79,8.04,8.309999,8.58,8.76,8.889999,9.09,9.38,9.719999,10.16,10.599999,10.929999,11.15,11.349999,11.53,11.63,11.78,11.809999,11.7699995,11.5199995,11.19,10.91,,,,,,,,,,,,,,,,
-60.125,-0.68,-0.71,-0.79999995,-0.85999995,-0.89,-0.79999995,-0.08,1.43,2.6699998,3.1599998,3.1299999,3.01,3.1,3.28,3.61,3.9599998,4.29,4.56,4.69,4.81,5.0,5.16,5.16,5.0899997,5.08,5.27,5.62,5.92,6.1,6.15,6.08,5.93,,,,5.96,6.0899997,6.31,6.5499997,6.71,6.75,6.67,6.5,6.2999997,6.1099997,5.97,5.87,5.7999997,5.7799997,5.8199997,5.92,6.1,6.2799997,6.48,6.69,6.8799996,6.96,7.0099998,7.04,7.08,7.1299996,7.2,7.3399997,7.54,7.77,8.05,8.349999,8.559999,8.72,8.929999,9.16,9.469999,9.82,10.28,10.63,10.98,11.29,11.5199995,11.63,11.71,11.78,11.73,11.509999,11.19,10.929999,,,,,,,,,,,,,,,,
-59.875,-0.98999995,-0.96999997,-0.95,-0.9,-0.89,-0.75,0.06,1.52,2.78,3.3,3.22,3.1399999,3.11,3.1999998,3.49,3.87,4.23,4.54,4.67,4.87,5.13,5.31,5.29,5.18,5.1099997,5.25,5.5299997,5.8199997,6.0099998,6.08,6.02,5.79,5.45,,,5.89,6.0299997,6.2799997,6.54,6.69,6.69,6.54,6.2799997,6.06,5.8799996,5.72,5.6299996,5.5899997,5.58,5.6,5.67,5.81,5.97,6.1299996,6.3199997,6.49,6.5899997,6.68,6.72,6.75,6.8199997,6.92,7.02,7.19,7.44,7.75,8.059999,8.28,8.49,8.73,8.94,9.179999,9.51,9.96,10.349999,10.7,11.04,11.349999,11.48,11.58,11.61,11.58,11.44,11.13,10.9,,,,,,,,,,,,,,,,
-59.625,-1.17,-1.0799999,-1.04,-0.95,-0.95,-0.76,0.22,1.64,2.9199998,3.46,3.4399998,3.4299998,3.33,3.27,3.3899999,3.6699998,4.0299997,4.38,4.61,4.92,5.2599998,5.44,5.3599997,5.22,5.13,5.18,5.41,5.67,5.89,6.02,6.0499997,,5.2999997,,,5.73,5.93,6.23,6.52,6.6499996,6.56,6.3599997,6.08,5.8599997,5.68,5.5299997,5.44,5.39,5.38,5.4,5.44,5.54,5.64,5.74,5.8599997,6.0,6.1,6.23,6.3199997,6.3799996,6.46,6.5899997,6.7,6.8399997,7.08,7.3999996,7.71,7.98,8.22,8.42,8.559999,8.849999,9.23,9.66,9.98,10.34,10.71,11.0,11.19,11.32,11.4,11.469999,11.41,11.2,11.01,,,,,,,,,,,,,,,,
-59.375,-1.15,-1.0699999,-1.03,-1.0,-0.97999996,-0.76,0.26999998,1.68,2.97,3.6,3.77,3.84,3.6999998,3.48,3.3999999,3.51,3.87,4.27,4.6,4.97,5.2999997,5.46,5.37,5.22,5.13,5.1099997,5.27,5.54,5.79,5.95,6.02,,,4.93,5.1,5.48,5.8399997,6.2,6.5,6.5699997,6.45,6.24,5.93,5.72,5.52,5.4,5.29,5.22,5.17,5.19,5.24,5.31,5.39,5.44,5.49,5.5699997,5.64,5.75,5.89,6.0,6.1,6.24,6.3399997,6.47,6.67,6.97,7.31,7.62,7.83,8.03,8.25,8.58,8.94,9.2699995,9.599999,9.91,10.26,10.62,10.8,10.889999,11.059999,11.309999,11.44,11.36,11.219999,,,,,,,,,,,,,,,,
-59.125,-1.0699999,-1.02,-1.01,-0.97999996,-0.91999996,-0.71999997,0.19,1.5699999,2.87,3.57,3.99,4.18,4.06,3.76,3.56,3.56,3.9599998,4.37,4.69,5.0,5.25,5.3599997,5.31,5.17,5.0699997,5.04,5.16,5.45,5.75,5.91,5.89,,,4.85,5.08,5.42,5.81,6.2,6.47,6.48,6.33,6.1,5.79,5.5899997,5.41,5.27,5.14,5.06,4.98,4.99,5.0499997,5.1,5.21,5.25,5.25,5.29,5.3199997,5.41,5.56,5.68,5.77,5.8599997,5.8199997,5.97,6.1,6.37,6.75,7.02,7.37,7.68,8.03,8.42,8.75,9.0,9.2699995,9.53,9.83,10.08,10.29,10.429999,10.719999,11.099999,11.4,11.5199995,11.49,,,,,,,,,,,,,,,,
-58.875,-1.05,-1.02,-1.0,-0.9,-0.78999996,-0.62,0.12,1.43,2.75,3.58,4.0299997,4.2599998,4.2999997,4.0499997,3.81,3.9199998,4.31,4.67,4.88,5.0499997,5.19,5.23,5.21,5.12,5.04,5.0,5.1,5.4,5.73,5.87,5.81,,,,,5.5499997,5.83,6.15,6.35,6.3399997,6.19,5.95,5.68,5.47,5.2799997,5.1,4.97,4.92,4.87,4.88,4.93,4.97,5.02,5.04,5.0499997,5.04,5.08,5.14,5.22,5.2799997,5.35,5.56,5.56,5.6099997,5.68,5.89,6.2,6.5299997,6.8999996,7.3199997,7.7999997,8.2,8.559999,8.79,8.97,9.16,9.36,9.58,9.75,10.0,10.36,10.83,11.28,11.55,11.57,11.5,,,,,,,,,,,,,,,
-58.625,-1.11,-1.05,-0.96,-0.81,-0.65,-0.5,0.16,1.3299999,2.62,3.5,3.9499998,4.18,4.27,4.29,4.22,4.44,4.7799997,4.99,5.0899997,5.13,5.15,5.18,5.16,5.08,5.0,4.97,5.0699997,5.35,5.71,5.83,5.69,5.43,5.27,,,5.5899997,5.7999997,6.0499997,6.15,6.1299996,6.0099998,5.8199997,5.6,5.3599997,5.13,4.94,4.7799997,4.7799997,4.77,4.7799997,4.8599997,4.89,4.9,4.89,4.8199997,4.77,4.7599998,4.79,4.7999997,4.8399997,5.13,5.33,5.5299997,5.68,5.7599998,5.8799996,6.04,6.23,6.5,6.93,7.44,7.91,8.29,8.53,8.66,8.76,8.929999,9.139999,9.349999,9.65,10.07,10.58,11.07,11.46,11.5199995,11.5,,,,,,,,,,,,,,,
-58.375,-1.1899999,-1.0799999,-0.9,-0.66999996,-0.45,-0.29,0.26999998,1.3,2.52,3.4099998,3.81,4.08,4.24,4.41,4.5499997,4.87,5.19,5.33,5.29,5.2,5.17,5.19,5.15,5.0699997,4.98,4.95,5.02,5.2999997,5.64,5.8199997,5.7,5.47,5.3399997,,5.2599998,5.48,5.75,5.91,5.95,5.94,5.8399997,5.69,5.48,5.2799997,5.04,4.83,4.68,4.64,4.64,4.7,4.8399997,4.87,4.83,4.7599998,4.65,4.5,4.43,4.49,4.61,4.89,5.2599998,5.64,6.0,6.2,6.29,6.33,6.3199997,6.3399997,6.3999996,6.58,7.0099998,7.54,8.0,8.309999,8.41,8.44,8.58,8.82,9.07,9.42,9.86,10.38,10.84,11.23,11.389999,11.429999,,,,,,,,,,,,,,,
-58.125,-1.23,-1.0799999,-0.81,-0.48,-0.21,-0.06,0.38,1.29,2.4299998,3.34,3.8,4.08,4.27,4.54,4.8199997,5.14,5.45,5.5499997,5.41,5.2599998,5.2,5.19,5.16,5.08,4.96,4.93,4.99,5.25,5.6,5.7999997,5.75,5.56,5.43,,5.33,5.5,5.72,5.83,5.8399997,5.8199997,5.73,5.6,5.45,5.27,5.0299997,4.77,4.62,4.5699997,4.6,4.72,4.7999997,4.81,4.72,4.61,4.56,4.5299997,4.63,4.77,5.04,5.4,5.91,6.3999996,6.74,7.0499997,7.14,7.0899997,7.0099998,6.8399997,6.54,6.3999996,6.6,7.1,7.72,8.16,8.28,8.309999,8.44,8.63,8.9,9.29,9.74,10.23,10.69,11.08,11.3,11.389999,11.309999,,,,,,,,,,,,,,
-57.875,-1.25,-1.0699999,-0.76,-0.34,-0.049999997,0.049999997,0.35,1.13,2.2,3.1599998,3.73,4.08,4.2799997,4.6,4.93,5.2999997,5.6,5.64,5.5,5.37,5.22,5.16,5.12,5.0499997,4.95,4.91,4.99,5.23,5.54,5.7999997,5.7799997,5.6299996,5.52,,5.5,5.62,5.72,5.75,5.74,5.72,5.67,5.6099997,5.47,5.29,5.06,4.7599998,4.56,4.49,4.5499997,4.7599998,4.83,4.83,4.69,4.69,4.8599997,5.0699997,5.33,5.58,5.8799996,6.2599998,6.75,7.1499996,7.5699997,7.85,8.01,7.8999996,7.66,7.35,6.89,6.45,6.37,6.69,7.3599997,7.97,8.21,8.309999,8.429999,8.59,8.87,9.28,9.69,10.099999,10.5,10.91,11.219999,11.36,11.349999,,,,,,,,,,,,,,14.809999
-57.625,-1.18,-1.03,-0.71999997,-0.31,-0.03,0.02,0.14999999,0.77,1.79,2.84,3.6399999,4.04,4.2599998,4.54,4.91,5.3199997,5.6299996,5.66,5.5499997,5.4,5.18,5.08,5.04,4.98,4.93,4.93,5.04,5.22,5.52,5.74,5.7799997,5.65,5.58,5.6099997,5.64,5.72,5.73,5.71,5.69,5.65,5.6299996,5.6,5.49,5.29,5.0299997,4.74,4.47,4.39,4.49,4.75,4.88,5.0099998,5.0,5.17,5.6099997,5.97,6.3199997,6.6299996,6.85,7.0899997,7.3399997,7.6299996,8.08,8.55,8.7,8.45,8.01,7.6099997,7.17,6.64,6.3599997,6.44,6.92,7.5499997,7.99,8.21,8.33,8.51,8.83,9.25,9.639999,9.99,10.37,10.76,11.099999,11.3,11.37,11.34,,,,,,,,,,,,,14.62
-57.375,-1.05,-0.93,-0.71,-0.38,-0.11,-0.07,-0.099999994,0.28,1.1999999,2.46,3.4299998,3.8999999,4.12,4.35,4.67,5.0499997,5.37,5.54,5.44,5.2799997,5.0899997,4.99,4.92,4.9,4.91,4.98,5.08,5.21,5.42,5.5899997,5.69,5.67,5.6299996,5.67,5.73,5.7599998,5.74,5.71,5.66,5.62,5.62,5.6099997,5.47,5.24,4.95,4.64,4.3199997,4.27,4.4,4.74,5.04,5.3199997,5.56,5.8799996,6.49,6.93,7.23,7.43,7.48,7.48,7.49,7.8199997,8.5,9.139999,9.22,8.75,8.099999,7.6699996,7.3999996,6.87,6.48,6.33,6.6299996,7.17,7.6499996,7.99,8.179999,8.389999,8.74,9.139999,9.53,9.9,10.24,10.61,10.94,11.19,11.34,11.37,11.33,,,,,,,,13.17,,,14.07,14.349999
-57.125,-0.9,-0.83,-0.72999996,-0.48999998,-0.29,-0.22,-0.31,-0.089999996,0.64,1.9699999,3.04,3.82,4.11,4.25,4.43,4.75,5.04,5.27,5.22,5.12,5.0,4.87,4.8199997,4.8399997,4.91,4.98,5.08,5.17,5.2799997,5.39,5.52,5.5899997,5.64,5.71,5.7799997,5.7799997,5.75,5.69,5.65,5.6,5.5899997,5.58,5.42,5.15,4.79,4.46,4.14,4.11,4.33,4.79,5.2799997,5.68,6.0699997,6.47,7.0699997,7.48,7.6499996,7.64,7.5099998,7.41,7.5699997,8.21,9.2,9.9,9.8,9.0,8.099999,7.64,7.5,7.18,6.64,6.3399997,6.47,6.85,7.21,7.5699997,7.94,8.25,8.62,9.0199995,9.4,9.78,10.099999,10.44,10.7699995,11.04,11.28,11.42,11.48,11.599999,,,,,,13.29,13.42,13.759999,13.95,14.099999,14.2699995
-56.875,-0.79999995,-0.78,-0.72999996,-0.59999996,-0.39999998,-0.32,-0.39999998,-0.32999998,0.26,1.4599999,2.87,3.99,4.38,4.37,4.38,4.54,4.7799997,5.02,4.98,4.93,4.89,4.81,4.7799997,4.8399997,4.92,4.99,5.0499997,5.0699997,5.0899997,5.18,5.2999997,5.45,5.5699997,5.68,5.75,5.77,5.74,5.69,5.62,5.5699997,5.5299997,5.5,5.33,5.0299997,4.65,4.31,4.0,4.02,4.31,4.87,5.49,5.98,6.3999996,6.81,7.25,7.45,7.46,7.39,7.33,7.5299997,8.099999,9.0,9.92,10.36,9.969999,8.889999,7.9199996,7.5,7.52,7.33,6.87,6.58,6.6099997,6.72,6.89,7.18,7.5699997,8.01,8.45,8.849999,9.22,9.58,9.9,10.25,10.57,10.849999,11.15,11.41,11.59,11.79,12.009999,12.11,,,,13.42,13.66,13.969999,14.139999,14.23,14.28
-56.625,-0.74,-0.72999996,-0.7,-0.62,-0.42999998,-0.32999998,-0.39,-0.41,-0.049999997,1.16,2.85,4.13,4.66,4.63,4.48,4.44,4.54,4.72,4.75,4.75,4.7999997,4.83,4.8399997,4.91,4.97,5.0,5.0,4.96,4.96,4.98,5.08,5.23,5.39,5.56,5.64,5.66,5.64,5.6299996,5.58,5.52,5.46,5.41,5.23,4.91,4.5499997,4.24,3.99,4.04,4.2999997,4.8199997,5.49,6.0,6.5499997,6.89,7.1099997,7.16,7.19,7.19,7.4199996,8.059999,8.95,9.73,10.15,10.08,9.349999,8.2699995,7.6,7.47,7.48,7.4199996,7.19,6.98,6.89,6.7799997,6.7799997,6.92,7.14,7.6,8.13,8.58,8.97,9.33,9.66,10.01,10.309999,10.599999,10.969999,11.3,11.599999,11.88,12.139999,12.349999,12.58,12.809999,13.08,13.42,13.7699995,14.09,14.28,14.33,14.32
-56.375,-0.72999996,-0.71,-0.64,-0.57,-0.37,-0.26999998,-0.32999998,-0.44,-0.14,0.96999997,2.62,3.9599998,4.5899997,4.66,4.56,4.44,4.44,4.5299997,4.6,4.66,4.81,4.96,5.0,5.0099998,5.0,4.96,4.93,4.92,4.89,4.88,4.91,5.02,5.14,5.31,5.41,5.44,5.46,5.47,5.47,5.46,5.39,5.3399997,5.15,4.85,4.5,4.17,4.0,4.0099998,4.24,4.68,5.37,5.89,6.39,6.74,6.8999996,6.97,7.06,7.16,7.6499996,8.66,9.61,10.059999,9.849999,9.13,8.25,7.56,7.3799996,7.49,7.49,7.54,7.46,7.2999997,7.14,7.04,6.94,6.8399997,6.92,7.2,7.69,8.17,8.63,9.04,9.4,9.74,10.03,10.33,10.71,11.08,11.45,11.809999,12.179999,12.5199995,12.74,12.889999,13.139999,13.42,13.7,13.99,14.219999,14.34,14.34
-56.125,-0.72999996,-0.69,-0.57,-0.48,-0.32999998,-0.22,-0.26999998,-0.42,-0.22,0.71,2.1399999,3.27,3.9599998,4.15,4.2599998,4.35,4.44,4.47,4.58,4.71,4.95,5.08,5.13,5.08,4.98,4.91,4.88,4.8599997,4.87,4.85,4.8399997,4.8599997,4.94,5.0299997,5.14,5.18,5.19,5.22,5.27,5.31,5.27,5.19,5.02,4.74,4.46,4.11,3.9399998,3.9399998,4.13,4.58,5.2799997,5.89,6.3999996,6.6099997,6.8199997,6.92,7.0099998,7.12,7.77,8.96,9.84,9.889999,9.19,8.28,7.5699997,7.2599998,7.3599997,7.5299997,7.56,7.5499997,7.45,7.33,7.31,7.2999997,7.18,6.97,6.89,6.98,7.2599998,7.72,8.24,8.73,9.099999,9.429999,9.719999,10.03,10.4,10.75,11.15,11.57,12.07,12.58,12.9,13.07,13.219999,13.4,13.58,13.809999,14.059999,14.25,14.29
-55.875,-0.75,-0.65,-0.48999998,-0.41,-0.26999998,-0.17999999,-0.21,-0.37,-0.29,0.39,1.41,2.2,2.76,3.06,3.46,3.97,4.3399997,4.46,4.6,4.81,5.1099997,5.23,5.18,5.0499997,4.94,4.8199997,4.73,4.7,4.77,4.8399997,4.83,4.81,4.7999997,4.8399997,4.89,4.89,4.89,4.93,5.0099998,5.0699997,5.0899997,5.0099998,4.7999997,4.61,4.37,4.0899997,3.9099998,3.86,4.0499997,4.5,5.19,5.79,6.41,6.58,6.75,6.89,6.91,7.0,7.6499996,8.74,9.54,9.36,8.65,7.98,7.54,7.37,7.47,7.58,7.5899997,7.43,7.3399997,7.2799997,7.43,7.6,7.49,7.2799997,7.17,7.0499997,7.08,7.39,7.85,8.36,8.78,9.12,9.389999,9.65,9.99,10.34,10.75,11.219999,11.83,12.509999,12.98,13.17,13.25,13.33,13.46,13.65,13.92,14.16,14.25
-55.625,-0.66999996,-0.59,-0.44,-0.37,-0.25,-0.17,-0.19999999,-0.29999998,-0.31,0.04,0.66999996,1.12,1.38,1.63,2.33,3.29,4.06,4.41,4.6,4.85,5.19,5.3399997,5.24,5.02,4.87,4.7,4.56,4.5,4.58,4.73,4.79,4.7799997,4.73,4.7599998,4.74,4.69,4.65,4.69,4.7599998,4.8399997,4.91,4.8399997,4.67,4.5299997,4.4,4.22,4.04,3.9299998,4.0899997,4.48,5.15,5.83,6.37,6.56,6.7,6.83,6.7599998,6.7999997,7.35,8.34,9.08,9.08,8.639999,8.179999,7.7799997,7.46,7.46,7.5499997,7.5299997,7.5699997,7.5,7.71,8.07,8.309999,8.21,7.91,7.62,7.35,7.22,7.31,7.5899997,7.97,8.38,8.74,9.03,9.25,9.5199995,9.84,10.2699995,10.79,11.45,12.25,12.889999,13.15,13.179999,13.16,13.2699995,13.49,13.82,14.08,14.2
-55.375,-0.62,-0.55,-0.39,-0.32,-0.21,-0.16,-0.17,-0.22,-0.26999998,-0.11,0.17,0.21,0.17999999,0.35,1.1899999,2.48,3.61,4.31,4.56,4.8199997,5.17,5.33,5.25,5.04,4.8599997,4.65,4.45,4.36,4.41,4.5899997,4.74,4.79,4.75,4.74,4.69,4.62,4.54,4.56,4.63,4.71,4.74,4.67,4.48,4.44,4.39,4.3199997,4.22,4.12,4.23,4.62,5.35,5.8399997,6.31,6.5499997,6.69,6.77,6.62,6.6299996,7.04,7.89,8.75,9.059999,8.87,8.48,7.8399997,7.39,7.3599997,7.44,7.39,7.56,7.94,8.65,9.309999,9.53,9.28,8.69,8.21,7.85,7.6299996,7.48,7.5,7.6699996,7.97,8.349999,8.679999,8.889999,9.099999,9.36,9.76,10.26,10.84,11.69,12.48,12.91,13.009999,13.009999,13.139999,13.42,13.79,14.04,14.11
-55.125,-0.61,-0.56,-0.42999998,-0.37,-0.26,-0.17999999,-0.11,-0.089999996,-0.14,-0.17,-0.11,-0.16,-0.39999998,-0.41,0.32,1.65,3.01,4.06,4.43,4.7,5.02,5.24,5.2,5.1,4.94,4.73,4.5,4.35,4.3399997,4.48,4.64,4.74,4.73,4.73,4.69,4.64,4.56,4.5299997,4.58,4.63,4.63,4.5299997,4.33,4.3399997,4.36,4.41,4.42,4.45,4.49,5.0299997,5.6299996,6.0,6.2999997,6.54,6.71,6.68,6.43,6.42,6.83,7.7,8.65,9.32,9.28,8.73,7.8399997,7.3199997,7.22,7.22,7.52,8.15,9.12,10.219999,10.92,11.059999,10.4,9.34,8.59,8.28,8.099999,7.85,7.6699996,7.62,7.72,8.04,8.389999,8.599999,8.75,8.929999,9.34,9.82,10.219999,10.929999,11.74,12.38,12.69,12.849999,13.08,13.429999,13.7699995,13.969999,14.0
-54.875,-0.59,-0.53,-0.44,-0.41,-0.35,-0.21,-0.03,0.12,0.099999994,-0.04,-0.089999996,-0.13,-0.39999998,-0.61,-0.21,0.9,2.31,3.59,4.11,4.46,4.83,5.1099997,5.19,5.16,5.0899997,4.91,4.69,4.46,4.39,4.43,4.5699997,4.64,4.65,4.68,4.67,4.66,4.6,4.56,4.5699997,4.6,4.58,4.45,4.22,4.17,4.2599998,4.43,4.6,4.74,5.12,5.8199997,5.8799996,6.0899997,6.3799996,6.58,6.7999997,6.5299997,6.22,6.14,6.7799997,7.89,8.97,9.67,9.78,9.0,8.01,7.41,7.1499996,7.04,7.93,9.08,10.54,11.87,12.63,12.179999,11.139999,9.7,8.78,8.47,8.389999,8.23,7.99,7.8199997,7.77,7.93,8.179999,8.389999,8.48,8.67,9.21,9.809999,10.04,10.37,10.94,11.69,12.219999,12.59,12.99,13.429999,13.73,13.849999,
-54.625,-0.59,-0.51,-0.42,-0.44,-0.44,-0.24,0.099999994,0.39,0.44,0.29,0.14999999,0.089999996,-0.16,-0.55,-0.45,0.38,1.63,2.8899999,3.52,4.0899997,4.6,5.02,5.23,5.24,5.16,5.06,4.8399997,4.63,4.48,4.46,4.5099998,4.54,4.54,4.56,4.58,4.61,4.62,4.5899997,4.5699997,4.56,4.52,4.37,4.12,3.97,4.06,4.31,4.65,5.0699997,5.5299997,5.94,6.1,6.24,6.3399997,6.74,6.75,6.47,6.19,6.2999997,7.2799997,8.57,9.639999,10.349999,10.33,9.55,8.54,7.6299996,7.0499997,7.1099997,8.679999,10.28,11.87,13.21,13.41,12.58,11.33,9.75,8.72,8.49,8.54,8.51,8.41,8.24,8.01,7.94,8.05,8.26,8.37,8.61,9.28,9.99,10.12,10.11,10.3,10.96,11.66,12.21,12.84,13.389999,13.74,13.809999,13.63
-54.375,-0.61,-0.5,-0.42,-0.48999998,-0.52,-0.22999999,0.31,0.79999995,0.97999996,0.82,0.64,0.48,0.22999999,-0.21,-0.22,0.29999998,1.3,2.12,2.76,3.55,4.37,5.0099998,5.31,5.3199997,5.23,5.0699997,4.91,4.71,4.61,4.52,4.45,4.45,4.41,4.42,4.46,4.52,4.58,4.5699997,4.5099998,4.44,4.38,4.25,4.06,3.87,3.8999999,4.2,4.64,5.0699997,5.58,5.7599998,5.79,6.0499997,6.2999997,6.7,6.72,6.6499996,6.7599998,7.2799997,8.42,9.63,10.57,10.99,10.88,10.2,9.13,7.8999996,6.97,7.37,9.33,11.2699995,12.929999,13.96,13.5,12.49,11.03,9.54,8.62,8.51,8.69,8.73,8.73,8.59,8.29,8.04,8.09,8.37,8.53,8.75,9.349999,10.03,10.15,9.95,9.78,10.29,11.099999,11.83,12.58,13.299999,13.809999,13.929999,13.74
-54.125,-0.64,-0.48,-0.41,-0.5,-0.56,-0.19,0.53999996,1.27,1.64,1.54,1.27,1.04,0.84999996,0.59,0.7,1.0,1.4,1.63,2.18,3.04,4.22,5.0899997,5.42,5.38,5.24,5.0499997,4.89,4.7999997,4.67,4.58,4.44,4.38,4.2799997,4.31,4.38,4.45,4.49,4.46,4.35,4.2599998,4.2,4.12,4.06,3.9599998,3.98,4.22,4.47,4.67,5.13,5.47,5.7599998,6.1,6.3199997,6.68,6.97,7.25,7.87,8.78,9.98,10.889999,11.33,11.34,11.2699995,10.73,9.53,8.059999,7.0,7.62,9.83,12.07,13.71,14.16,13.08,11.9,10.53,9.26,8.62,8.69,8.88,8.84,8.75,8.62,8.4,8.2699995,8.47,8.96,9.23,9.26,9.49,9.9,10.03,9.889999,9.62,9.929999,10.65,11.44,12.3,13.17,13.83,14.04,13.849999
-53.875,-0.69,-0.5,-0.42999998,-0.52,-0.61,-0.16,0.66999996,1.65,2.28,2.29,1.9,1.5699999,1.42,1.51,1.8199999,2.07,1.92,1.74,2.01,2.9099998,4.22,5.21,5.5099998,5.4,5.24,5.0299997,4.91,4.83,4.72,4.62,4.45,4.31,4.23,4.2799997,4.3399997,4.38,4.38,4.31,4.2,4.1,4.06,4.0899997,4.17,4.16,4.21,4.24,4.33,4.37,4.88,5.43,5.8799996,6.19,6.42,6.7799997,7.41,8.21,9.24,10.389999,11.49,11.96,11.79,11.33,11.349999,10.92,9.63,8.05,6.94,7.6499996,9.99,12.45,13.99,14.13,12.679999,11.429999,10.07,8.99,8.62,8.82,8.929999,8.67,8.48,8.51,8.67,8.95,9.55,10.29,10.719999,10.53,10.28,10.33,10.37,10.32,10.11,10.15,10.5199995,11.03,11.849999,12.809999,13.58,13.91,13.82
-53.625,-0.75,-0.53,-0.44,-0.51,-0.64,-0.16,0.72999996,1.86,2.71,2.81,2.37,2.03,2.1299999,2.6299999,3.1399999,3.31,2.97,2.36,2.36,3.1999998,4.43,5.35,5.5699997,5.39,5.17,5.0099998,4.97,4.8399997,4.71,4.5499997,4.35,4.22,4.22,4.3199997,4.36,4.3399997,4.2799997,4.19,4.0699997,3.9599998,3.9399998,4.0899997,4.25,4.3399997,4.3399997,4.2999997,4.15,4.33,4.83,5.3599997,6.19,6.3599997,6.43,6.87,7.93,9.19,10.5,11.65,12.36,12.429999,11.929999,11.21,11.09,10.54,9.26,7.75,6.8399997,7.66,10.099999,12.55,13.98,14.0,12.469999,11.17,9.79,8.7699995,8.48,8.65,8.61,8.36,8.33,8.8,9.54,10.38,11.349999,12.2699995,12.759999,12.5,11.96,11.719999,11.679999,11.719999,11.58,11.28,11.16,11.16,11.61,12.349999,13.049999,13.49,13.599999
-53.375,-0.84999996,-0.61,-0.48999998,-0.53999996,-0.66999996,-0.19,0.71,1.9,2.84,3.01,2.58,2.3899999,2.69,3.51,4.16,4.3199997,3.9299998,3.29,3.1999998,3.84,4.7799997,5.42,5.48,5.2799997,5.08,5.0099998,5.0299997,4.89,4.68,4.44,4.22,4.1,4.2,4.36,4.38,4.31,4.21,4.0899997,3.9599998,3.85,3.85,4.0499997,4.19,4.39,4.3399997,4.2799997,4.25,4.5099998,5.14,6.0499997,6.64,6.67,6.56,7.0699997,8.41,9.91,11.23,12.179999,12.61,12.5,11.7699995,11.059999,10.469999,9.679999,8.5199995,7.2999997,6.7999997,8.0,10.36,12.599999,13.929999,13.929999,12.45,11.09,9.61,8.49,8.13,8.22,8.29,8.429999,9.01,10.04,11.21,12.37,13.4,14.19,14.599999,14.46,13.98,13.7,13.679999,13.78,13.62,13.07,12.469999,11.849999,11.67,11.95,12.48,12.95,13.259999
-53.125,-0.96999997,-0.74,-0.58,-0.58,-0.68,-0.22999999,0.59999996,1.73,2.62,2.79,2.3999999,2.36,2.98,4.0899997,4.79,4.87,4.62,4.27,4.15,4.56,5.1099997,5.4,5.2799997,5.0899997,4.95,5.0,5.06,4.94,4.72,4.37,4.1,4.0,4.13,4.2999997,4.3399997,4.24,4.11,3.98,3.86,3.76,3.75,3.9199998,4.0099998,4.39,4.3199997,4.2799997,4.43,5.0,5.64,6.73,7.24,7.19,7.02,7.52,8.91,10.41,11.59,12.29,12.67,12.5,11.8,10.7699995,9.7699995,8.65,7.69,6.99,7.22,8.78,10.929999,12.86,13.98,14.07,12.69,11.21,9.53,8.29,7.95,8.16,8.58,9.389999,10.63,12.03,13.2,14.099999,14.809999,15.29,15.58,15.61,15.44,15.33,15.36,15.48,15.36,14.929999,14.2699995,13.42,12.55,12.2,12.15,12.429999,12.87
-52.875,-1.12,-0.88,-0.65999997,-0.59,-0.7,-0.31,0.37,1.36,2.1299999,2.19,1.86,2.1,3.08,4.44,5.14,5.17,5.04,4.97,4.93,5.1099997,5.33,5.3199997,5.1,4.94,4.9,5.0,5.08,5.0,4.7599998,4.36,4.0499997,3.9499998,4.06,4.22,4.24,4.13,4.0,3.9199998,3.84,3.73,3.6999998,3.79,3.8999999,4.23,4.36,4.4,4.68,5.37,6.24,7.27,7.8199997,7.8799996,7.83,8.34,9.59,10.849999,11.7699995,12.45,12.929999,12.82,12.0199995,10.54,8.96,7.64,7.02,7.16,8.24,9.88,11.74,13.25,14.299999,14.37,13.09,11.429999,9.559999,8.44,8.48,9.08,9.95,11.16,12.679999,13.99,14.75,15.12,15.37,15.589999,15.799999,15.95,16.039999,16.13,16.19,16.23,16.19,16.1,15.74,14.95,13.92,12.969999,12.49,12.36,12.679999
-52.625,-1.1899999,-0.96,-0.72999996,-0.62,-0.65999997,-0.31,0.21,0.97999996,1.5899999,1.53,1.27,1.6899999,2.97,4.54,5.3599997,5.3399997,5.25,5.24,5.2799997,5.33,5.33,5.17,4.98,4.85,4.89,5.0099998,5.0899997,5.02,4.7999997,4.43,4.0699997,3.98,4.06,4.17,4.15,4.0499997,3.9399998,3.9199998,3.86,3.78,3.76,3.76,3.97,4.33,4.5699997,4.69,5.08,5.79,6.7599998,7.71,8.389999,8.63,8.809999,9.36,10.349999,11.33,12.13,12.849999,13.349999,13.33,12.3,10.719999,9.0199995,7.6299996,7.23,7.96,9.38,11.099999,12.53,13.67,14.57,14.65,13.41,11.57,9.66,8.88,9.61,10.929999,12.04,13.15,14.36,15.25,15.549999,15.53,15.5199995,15.589999,15.75,15.929999,16.09,16.26,16.34,16.32,16.34,16.48,16.51,16.18,15.42,14.46,13.679999,13.139999,13.009999
-52.375,-1.1999999,-0.97999996,-0.72999996,-0.59,-0.55,-0.29999998,0.07,0.64,1.0699999,0.90999997,0.82,1.3199999,2.74,4.42,5.4,5.39,5.23,5.24,5.31,5.3199997,5.23,5.08,4.9,4.8399997,4.9,5.0099998,5.1,5.06,4.83,4.48,4.14,4.0299997,4.1,4.16,4.12,4.02,3.9499998,3.9299998,3.8799999,3.85,3.85,3.9299998,4.16,4.5499997,4.93,5.2,5.66,6.31,7.22,8.099999,8.88,9.33,9.62,10.08,10.75,11.509999,12.34,13.15,13.62,13.54,12.719999,11.429999,9.94,8.7699995,8.51,9.15,10.62,12.03,13.08,13.98,14.679999,14.67,13.509999,11.65,9.91,9.599999,11.0,12.83,14.04,14.73,15.389999,15.88,15.929999,15.78,15.679999,15.71,15.82,15.929999,16.05,16.19,16.289999,16.289999,16.25,16.46,16.69,16.91,16.72,16.17,15.28,14.429999,13.889999
-52.125,-1.22,-0.95,-0.69,-0.53,-0.47,-0.25,-0.049999997,0.37,0.66999996,0.45,0.42999998,1.02,2.4299998,4.18,5.2999997,5.38,5.2599998,5.17,5.23,5.2,5.0899997,5.0,4.91,4.87,4.89,4.98,5.06,5.0099998,4.79,4.44,4.13,4.02,4.1,4.13,4.11,4.0099998,3.99,3.97,3.9299998,3.9099998,3.9199998,4.04,4.47,4.91,5.29,5.7,6.08,6.64,7.4199996,8.36,9.179999,9.69,9.9,10.15,10.55,11.25,12.28,13.2,13.65,13.559999,12.99,12.24,11.259999,10.5199995,10.3,10.7699995,11.73,12.79,13.48,14.04,14.559999,14.49,13.44,11.74,10.33,10.45,12.21,14.15,15.259999,15.599999,15.9,16.13,16.119999,15.98,15.9,15.889999,15.94,15.969999,16.029999,16.14,16.24,16.27,16.26,16.34,16.66,17.09,17.4,17.23,16.48,15.57,14.86
-51.875,-1.23,-0.85999995,-0.62,-0.47,-0.39999998,-0.21,-0.089999996,0.14999999,0.35,0.12,0.14,0.59999996,2.0,3.73,5.0899997,5.2799997,5.2999997,5.24,5.22,5.13,5.0099998,4.9,4.88,4.85,4.89,4.93,4.96,4.87,4.5899997,4.18,3.9299998,3.9199998,4.0299997,4.0499997,4.04,3.97,3.98,4.0,3.99,3.9599998,3.98,4.2,4.66,5.18,5.6099997,6.0099998,6.35,6.7799997,7.41,8.26,9.05,9.57,9.71,9.7699995,10.0199995,10.719999,11.88,12.889999,13.4,13.29,13.009999,12.69,12.23,11.86,11.8,12.09,12.69,13.299999,13.66,13.96,14.2699995,14.139999,13.25,11.88,10.91,11.309999,13.0199995,14.75,15.66,15.82,15.99,16.14,16.16,16.1,16.029999,16.0,16.01,16.0,16.029999,16.119999,16.21,16.27,16.34,16.41,16.51,16.83,17.3,17.31,16.66,15.889999,15.299999
-51.625,-1.2099999,-0.84999996,-0.53,-0.41,-0.29999998,-0.14999999,-0.099999994,0.049999997,0.14999999,-0.099999994,-0.099999994,0.22999999,1.36,3.1299999,4.5299997,5.24,5.2999997,5.3199997,5.21,5.0,4.85,4.7799997,4.74,4.7799997,4.8199997,4.8599997,4.8399997,4.64,4.29,3.8899999,3.7099998,3.8,3.9299998,3.97,3.9499998,3.9199998,3.9199998,3.9399998,3.9499998,3.9099998,3.9099998,4.36,4.8599997,5.46,5.9,6.21,6.5,6.7999997,7.33,8.0,8.7,9.2,9.349999,9.38,9.559999,10.17,11.2699995,12.33,12.889999,12.799999,12.66,12.55,12.44,12.389999,12.48,12.75,13.13,13.509999,13.73,13.82,13.889999,13.69,12.99,12.04,11.509999,12.059999,13.49,14.87,15.599999,15.7699995,15.889999,16.039999,16.1,16.1,16.05,16.029999,16.029999,16.029999,16.06,16.14,16.23,16.26,16.32,16.43,16.51,16.66,17.01,17.0,16.38,15.73,15.53
-51.375,-1.26,-0.87,-0.55,-0.35,-0.22,-0.19,-0.19999999,-0.099999994,-0.01,-0.12,-0.14,0.03,0.71,2.1399999,3.6299999,4.73,5.25,5.21,4.96,4.71,4.58,4.5499997,4.5499997,4.64,4.72,4.7999997,4.73,4.45,4.08,3.74,3.6399999,3.76,3.8799999,3.9099998,3.8799999,3.81,3.76,3.74,3.74,3.76,3.85,4.41,5.13,5.74,6.22,6.49,6.6499996,6.8799996,7.23,7.75,8.33,8.8,9.04,9.19,9.37,9.75,10.61,11.63,12.309999,12.469999,12.28,12.2,12.139999,12.2,12.38,12.679999,12.99,13.37,13.559999,13.5199995,13.49,13.28,12.79,12.25,12.099999,12.65,13.73,14.87,15.45,15.66,15.839999,16.02,16.119999,16.08,16.0,15.98,15.99,16.039999,16.119999,16.23,16.3,16.289999,16.31,16.449999,16.52,16.609999,16.88,16.9,16.619999,16.26,16.039999
-51.125,-1.35,-0.98999995,-0.55,-0.28,-0.16,-0.19999999,-0.26,-0.19,-0.12,0.049999997,0.0,0.089999996,0.34,1.11,2.37,3.74,4.58,4.73,4.5,4.23,4.14,4.2,4.3199997,4.48,4.63,4.73,4.64,4.3399997,4.02,3.8,3.75,3.84,3.8899999,3.9099998,3.82,3.6599998,3.53,3.4499998,3.4399998,3.5,3.84,4.5499997,5.47,6.27,6.74,6.98,7.0499997,7.2,7.39,7.7,8.11,8.51,8.83,9.11,9.3,9.429999,9.929999,10.8,11.7,12.259999,12.3,12.099999,11.88,11.8,11.889999,12.07,12.389999,12.82,13.09,13.08,13.04,12.929999,12.719999,12.58,12.7,13.19,14.03,14.88,15.4,15.62,15.839999,16.039999,16.1,16.05,15.96,15.929999,15.94,16.02,16.16,16.289999,16.32,16.279999,16.279999,16.41,16.52,16.619999,16.869999,17.08,17.24,17.24,17.09
-50.875,-1.43,-1.09,-0.64,-0.31,-0.19,-0.24,-0.29,-0.28,-0.17,0.089999996,0.39999998,0.41,0.25,0.38,1.14,2.47,3.56,3.9399998,3.9299998,3.72,3.59,3.6499999,3.9499998,4.35,4.6,4.72,4.5899997,4.3399997,4.11,3.99,3.99,3.99,3.9599998,3.9299998,3.78,3.55,3.3,3.1299999,3.09,3.1999998,3.8,4.68,5.7999997,6.7999997,7.37,7.66,7.6699996,7.7599998,7.8199997,7.95,8.19,8.46,8.78,9.07,9.23,9.17,9.32,9.969999,11.09,12.12,12.58,12.429999,12.05,11.66,11.49,11.53,11.74,12.05,12.389999,12.429999,12.48,12.55,12.67,12.889999,13.25,13.7,14.309999,14.929999,15.349999,15.62,15.849999,16.029999,16.07,16.0,15.94,15.94,15.94,15.98,16.119999,16.24,16.26,16.18,16.17,16.279999,16.39,16.5,16.859999,17.289999,17.82,18.25,18.35
-50.625,-1.4399999,-1.18,-0.76,-0.41,-0.26999998,-0.29999998,-0.31,-0.24,-0.12,0.26,0.75,0.9,0.55,0.19,0.47,1.51,2.57,3.31,3.56,3.32,3.02,2.9299998,3.3799999,4.11,4.61,4.74,4.61,4.39,4.2599998,4.2,4.22,4.11,3.99,3.9399998,3.79,3.51,3.1799998,2.9199998,2.8799999,3.05,3.78,4.7,6.02,7.17,8.0,8.33,8.389999,8.42,8.41,8.42,8.48,8.63,8.849999,9.05,9.13,8.98,8.9,9.309999,10.48,11.87,12.799999,12.88,12.41,11.7699995,11.36,11.219999,11.259999,11.45,11.73,11.8,11.95,12.219999,12.65,13.17,13.599999,13.9,14.34,14.86,15.299999,15.62,15.849999,15.99,15.98,15.92,15.889999,15.96,15.96,15.969999,16.06,16.13,16.109999,16.06,16.1,16.18,16.22,16.38,16.779999,17.35,18.109999,18.779999,19.029999
-50.375,-1.42,-1.13,-0.81,-0.45999998,-0.29999998,-0.34,-0.25,-0.17999999,0.03,0.44,1.02,1.39,1.22,0.66999996,0.42999998,1.0,2.05,3.03,3.57,3.1999998,2.55,2.1599998,2.69,3.72,4.5299997,4.7999997,4.69,4.45,4.36,4.36,4.3199997,4.15,3.97,3.9099998,3.76,3.49,3.1699998,2.8899999,2.79,3.05,3.6499999,4.72,6.0899997,7.49,8.48,8.889999,9.0199995,9.04,9.03,8.98,8.91,8.889999,8.92,8.99,9.03,8.91,8.71,8.88,9.9,11.48,12.74,13.12,12.719999,11.95,11.37,11.139999,11.08,11.16,11.349999,11.4,11.57,11.98,12.62,13.29,13.7,13.799999,13.99,14.389999,14.96,15.48,15.79,15.889999,15.83,15.79,15.839999,15.94,15.969999,15.95,15.969999,16.01,16.0,16.02,16.109999,16.16,16.13,16.279999,16.65,17.19,18.01,18.77,19.09
-50.125,-1.37,-1.0699999,-0.77,-0.45,-0.29999998,-0.35,-0.22999999,-0.12,0.089999996,0.52,1.0699999,1.5999999,1.75,1.42,0.97999996,1.11,1.92,3.09,3.79,3.3799999,2.25,1.67,2.2,3.46,4.45,4.83,4.75,4.54,4.43,4.4,4.31,4.08,3.9399998,3.8799999,3.78,3.56,3.29,3.03,2.87,3.1399999,3.53,4.72,6.0899997,7.5699997,8.72,9.29,9.5199995,9.55,9.57,9.5,9.33,9.11,8.95,8.91,8.95,8.91,8.74,8.72,9.469999,10.929999,12.33,12.98,12.74,11.96,11.29,11.08,11.03,11.09,11.259999,11.29,11.429999,11.87,12.599999,13.309999,13.639999,13.549999,13.48,13.71,14.299999,15.07,15.57,15.73,15.639999,15.589999,15.719999,15.88,15.95,15.94,15.95,15.98,16.0,16.06,16.16,16.17,16.13,16.24,16.58,16.91,17.699999,18.52,18.939999
-49.875,-1.35,-1.01,-0.7,-0.42999998,-0.29999998,-0.31,-0.22999999,-0.06,0.13,0.45999998,0.91999996,1.55,2.02,2.01,1.66,1.4,2.02,3.12,3.99,3.6599998,2.4199998,1.7199999,2.1699998,3.3999999,4.42,4.79,4.74,4.62,4.5,4.4,4.25,4.0299997,3.9099998,3.8899999,3.85,3.7099998,3.49,3.24,3.06,3.25,3.55,4.6,6.0699997,7.62,8.84,9.54,9.849999,9.929999,9.95,9.849999,9.58,9.22,8.95,8.87,8.929999,8.97,8.9,8.7699995,9.19,10.42,11.849999,12.63,12.5,11.73,11.01,10.83,10.889999,11.059999,11.2699995,11.3,11.41,11.82,12.57,13.299999,13.62,13.45,13.15,13.15,13.66,14.48,15.16,15.42,15.33,15.29,15.48,15.74,15.87,15.91,15.929999,15.98,15.99,16.029999,16.109999,16.18,16.199999,16.31,16.52,16.64,17.369999,18.35,18.89
-49.625,-1.37,-1.01,-0.68,-0.41,-0.29,-0.26999998,-0.19999999,-0.02,0.14999999,0.34,0.66999996,1.3,2.1599998,2.54,2.29,1.8499999,2.1499999,3.03,3.98,3.97,3.03,2.36,2.62,3.56,4.43,4.7,4.7599998,4.72,4.63,4.5,4.33,4.15,3.97,3.9499998,3.9499998,3.8899999,3.6899998,3.4399998,3.26,3.35,3.57,4.39,5.93,7.5699997,8.91,9.679999,10.059999,10.139999,10.139999,9.99,9.66,9.2699995,9.0,8.9,9.0,9.09,9.04,8.84,9.059999,10.15,11.55,12.33,12.25,11.469999,10.66,10.5199995,10.74,11.0199995,11.24,11.29,11.37,11.73,12.44,13.2,13.61,13.5199995,13.17,12.94,13.219999,13.9,14.639999,15.009999,15.03,15.059999,15.299999,15.599999,15.79,15.849999,15.889999,15.929999,15.91,15.95,16.029999,16.17,16.3,16.48,16.59,16.51,17.21,18.23,18.85
-49.375,-1.42,-1.0699999,-0.72999996,-0.42999998,-0.31,-0.24,-0.17,-0.02,0.14,0.25,0.42999998,1.12,2.22,2.98,2.8799999,2.35,2.28,2.83,3.73,4.0899997,3.72,3.27,3.3799999,3.9499998,4.48,4.67,4.83,4.88,4.8399997,4.69,4.5099998,4.18,3.97,4.0699997,4.13,4.0699997,3.8899999,3.54,3.3799999,3.4199998,3.61,4.5099998,5.93,7.52,8.929999,9.86,10.25,10.33,10.2699995,10.04,9.679999,9.28,9.04,8.99,9.139999,9.23,9.17,9.03,9.34,10.429999,11.71,12.38,12.08,11.179999,10.349999,10.3,10.57,10.92,11.16,11.23,11.32,11.639999,12.28,12.969999,13.45,13.559999,13.349999,13.08,13.07,13.49,14.139999,14.58,14.78,14.969999,15.2699995,15.58,15.78,15.889999,15.91,15.91,15.889999,15.889999,15.95,16.119999,16.34,16.6,16.71,16.56,17.18,18.23,18.89
-49.125,-1.53,-1.17,-0.83,-0.51,-0.32999998,-0.25,-0.13,0.01,0.13,0.11,0.13,0.82,2.04,3.1599998,3.34,2.76,2.33,2.53,3.31,4.0099998,4.0899997,3.97,3.98,4.24,4.48,4.7,4.8399997,4.8399997,4.75,4.5699997,4.36,4.15,4.06,4.11,4.27,4.18,3.97,3.62,3.4499998,3.6499999,3.73,4.5,5.8599997,7.49,8.889999,9.929999,10.42,10.44,10.25,9.969999,9.599999,9.24,9.059999,9.08,9.2699995,9.37,9.37,9.45,10.05,11.17,12.28,12.63,11.98,10.86,10.15,10.139999,10.469999,10.849999,11.099999,11.17,11.34,11.65,12.12,12.55,12.96,13.29,13.42,13.309999,13.15,13.299999,13.79,14.259999,14.67,15.04,15.339999,15.54,15.679999,15.83,15.98,16.119999,16.0,15.929999,15.91,16.05,16.35,16.6,16.69,16.59,17.31,18.279999,18.9
-48.875,-1.56,-1.27,-0.97999996,-0.65,-0.39,-0.21,-0.07,0.03,0.089999996,-0.01,-0.099999994,0.39,1.87,3.1799998,3.61,3.07,2.36,2.24,2.8899999,3.7099998,4.19,4.19,4.1,4.21,4.38,4.52,4.5,4.41,4.27,4.21,4.04,3.99,4.0899997,4.2,4.3199997,4.21,3.9099998,3.6799998,3.56,3.6999998,3.84,4.52,5.75,7.18,8.66,9.69,10.16,10.2,10.01,9.7,9.389999,9.13,9.04,9.13,9.349999,9.45,9.53,9.84,10.73,11.92,12.809999,12.719999,11.759999,10.59,9.9,10.0199995,10.41,10.83,11.059999,11.17,11.41,11.67,11.86,11.88,12.139999,12.75,13.33,13.5199995,13.37,13.36,13.7,14.19,14.73,15.17,15.429999,15.46,15.5199995,15.69,15.969999,15.99,16.0,15.92,15.96,16.039999,16.31,16.56,16.609999,16.68,17.529999,18.38,18.869999
-48.625,-1.5999999,-1.41,-1.12,-0.81,-0.42,-0.16,-0.04,0.01,0.03,-0.12,-0.26999998,0.12,1.5699999,2.9199998,3.52,3.1399999,2.26,1.9399999,2.53,3.4399998,4.02,4.0499997,4.0099998,4.1,4.24,4.15,3.9399998,3.6699998,3.55,3.59,3.62,3.74,4.08,4.35,4.31,4.14,3.85,3.61,3.6299999,3.75,3.8899999,4.5099998,5.54,6.79,8.08,9.059999,9.469999,9.559999,9.429999,9.23,9.059999,8.96,8.98,9.15,9.38,9.46,9.58,10.08,11.13,12.38,13.07,12.66,11.53,10.389999,9.7699995,9.95,10.389999,10.84,11.09,11.219999,11.49,11.65,11.48,11.08,11.17,12.04,13.179999,13.799999,13.809999,13.74,14.0,14.44,14.98,15.33,15.469999,15.33,15.309999,15.46,15.599999,15.509999,15.41,15.61,15.92,16.07,16.289999,16.52,16.63,16.89,17.76,18.51,18.83
-48.375,-1.64,-1.4599999,-1.16,-0.82,-0.42999998,-0.12,-0.01,-0.03,-0.049999997,-0.17,-0.31,-0.06,1.24,2.45,3.03,2.75,1.9599999,1.67,2.29,3.25,3.85,3.83,3.83,3.99,4.0699997,3.78,3.33,2.8799999,2.72,2.9299998,3.1899998,3.6399999,4.17,4.49,4.35,4.0499997,3.75,3.48,3.5,3.6799998,3.78,4.39,5.23,6.2,7.2999997,8.28,8.71,8.95,8.97,8.9,8.849999,8.84,8.929999,9.15,9.38,9.429999,9.53,10.07,11.139999,12.38,12.98,12.469999,11.37,10.33,9.75,9.91,10.37,10.84,11.15,11.32,11.58,11.59,11.15,10.4,10.26,11.24,12.849999,13.99,14.32,14.29,14.53,14.92,15.349999,15.53,15.5,15.16,15.03,15.13,15.12,14.87,14.69,14.98,15.71,16.039999,16.27,16.48,16.72,17.16,17.98,18.66,18.83
-48.125,-1.68,-1.52,-1.24,-0.84,-0.42,-0.14999999,-0.04,-0.08,-0.089999996,-0.14,-0.22,0.03,0.94,1.8499999,2.26,2.0,1.39,1.36,2.1599998,3.1899998,3.77,3.75,3.78,3.9499998,4.0,3.6399999,3.0,2.36,2.08,2.32,2.83,3.62,4.29,4.58,4.36,3.98,3.62,3.28,3.33,3.58,3.77,4.1,4.8199997,5.5899997,6.5299997,7.44,7.94,8.37,8.58,8.66,8.72,8.809999,8.98,9.25,9.44,9.44,9.45,9.86,10.7699995,11.88,12.45,12.04,11.12,10.25,9.7699995,9.91,10.32,10.809999,11.219999,11.469999,11.679999,11.61,11.0,10.05,9.66,10.49,12.21,13.75,14.48,14.66,14.929999,15.2,15.45,15.429999,15.28,14.889999,14.63,14.639999,14.679999,14.38,14.2,14.63,15.53,16.01,16.25,16.449999,16.77,17.26,18.039999,18.609999,18.8
-47.875,-1.7099999,-1.56,-1.3,-0.91999996,-0.48,-0.19999999,-0.089999996,-0.099999994,-0.08,-0.089999996,-0.089999996,0.14,0.71999997,1.27,1.43,1.14,0.88,1.1999999,2.23,3.28,3.74,3.73,3.85,4.0299997,4.13,3.76,2.96,2.18,1.78,1.9799999,2.57,3.54,4.2599998,4.5699997,4.41,3.87,3.4399998,3.21,3.1699998,3.3899999,3.62,3.9599998,4.42,5.0,5.7799997,6.71,7.2999997,7.9199996,8.32,8.559999,8.7,8.87,9.059999,9.32,9.469999,9.429999,9.34,9.559999,10.24,11.09,11.57,11.349999,10.7,10.11,9.74,9.9,10.2699995,10.75,11.24,11.559999,11.73,11.679999,11.11,10.12,9.5199995,10.0,11.469999,13.059999,14.03,14.429999,14.679999,14.809999,14.91,14.86,14.809999,14.71,14.639999,14.63,14.61,14.24,13.99,14.49,15.38,15.87,16.15,16.39,16.69,17.06,17.66,18.23,18.64
-47.625,-1.7199999,-1.5799999,-1.3399999,-0.97999996,-0.56,-0.26,-0.12,-0.099999994,-0.089999996,-0.089999996,0.0,0.19,0.56,0.82,0.74,0.58,0.68,1.39,2.53,3.48,3.79,3.77,3.9099998,4.14,4.33,4.04,3.11,2.1399999,1.65,1.7099999,2.29,3.28,4.12,4.48,4.36,3.79,3.3,3.06,2.99,3.1799998,3.4399998,3.77,4.16,4.63,5.3199997,6.2799997,6.96,7.73,8.26,8.599999,8.79,8.98,9.179999,9.41,9.53,9.429999,9.24,9.28,9.69,10.24,10.58,10.5199995,10.17,9.84,9.69,9.83,10.21,10.679999,11.17,11.5,11.62,11.63,11.24,10.389999,9.679999,9.75,10.719999,12.07,13.08,13.62,13.849999,13.889999,13.969999,14.15,14.5199995,14.92,15.19,15.29,15.07,14.48,14.099999,14.54,15.219999,15.759999,16.17,16.4,16.52,16.63,17.06,17.71,18.34
-47.375,-1.73,-1.5899999,-1.38,-1.0,-0.58,-0.26999998,-0.07,-0.049999997,-0.03,-0.049999997,0.06,0.26999998,0.52,0.63,0.47,0.48,0.85999995,1.78,2.79,3.59,3.73,3.75,3.9099998,4.14,4.3399997,4.0699997,3.1399999,2.12,1.48,1.4699999,1.99,2.8999999,3.8,4.24,4.24,3.76,3.28,2.8899999,2.83,3.04,3.3,3.6399999,3.97,4.43,5.0899997,6.0899997,6.8999996,7.7599998,8.349999,8.76,8.97,9.15,9.33,9.5,9.57,9.42,9.2,9.099999,9.25,9.5199995,9.719999,9.76,9.65,9.62,9.61,9.8,10.179999,10.63,11.07,11.33,11.389999,11.45,11.309999,10.73,10.09,9.849999,10.29,11.2,12.07,12.57,12.719999,12.71,12.91,13.509999,14.5199995,15.49,16.15,16.26,15.71,14.7699995,14.21,14.509999,15.219999,15.87,16.35,16.619999,16.59,16.46,16.72,17.369999,18.08
-47.125,-1.73,-1.5999999,-1.37,-0.98999995,-0.53,-0.19999999,-0.01,0.049999997,0.03,0.0,0.099999994,0.31,0.51,0.53,0.48999998,0.61,1.17,2.11,2.9199998,3.3799999,3.54,3.62,3.8,3.97,4.11,3.9099998,3.06,2.08,1.36,1.3299999,1.6999999,2.32,3.1799998,3.7099998,3.85,3.6,3.1,2.77,2.74,3.05,3.36,3.73,4.1,4.48,5.1,6.1099997,7.02,7.94,8.54,8.94,9.139999,9.29,9.42,9.53,9.559999,9.37,9.139999,9.0,9.059999,9.16,9.2699995,9.32,9.36,9.44,9.559999,9.849999,10.29,10.719999,11.04,11.16,11.13,11.219999,11.309999,11.08,10.67,10.34,10.45,10.98,11.59,11.96,12.04,12.05,12.429999,13.429999,14.889999,16.22,17.039999,17.039999,16.05,14.87,14.11,14.45,15.29,16.109999,16.71,17.0,16.85,16.609999,16.779999,17.39,17.97
-46.875,-1.73,-1.5999999,-1.36,-1.0,-0.52,-0.16,0.03,0.089999996,0.08,0.049999997,0.13,0.29999998,0.44,0.45,0.57,0.85999995,1.51,2.26,2.76,3.03,3.1699998,3.35,3.55,3.6599998,3.74,3.62,2.84,2.01,1.41,1.37,1.49,1.76,2.49,3.08,3.34,3.26,2.95,2.7,2.73,3.1799998,3.55,3.97,4.33,4.75,5.42,6.45,7.39,8.24,8.75,9.08,9.24,9.34,9.429999,9.49,9.469999,9.2699995,9.08,9.01,9.099999,9.179999,9.23,9.25,9.29,9.41,9.67,10.09,10.599999,10.99,11.16,11.08,10.92,10.99,11.219999,11.32,11.25,11.08,11.099999,11.37,11.71,11.83,11.78,11.849999,12.469999,13.79,15.45,16.77,17.49,17.279999,16.1,14.75,14.16,14.67,15.589999,16.35,17.02,17.38,17.199999,17.0,17.1,17.49,17.9
-46.625,-1.74,-1.62,-1.37,-1.0,-0.48,-0.12,0.06,0.14,0.14,0.12,0.17999999,0.28,0.32999998,0.42999998,0.7,1.18,1.8199999,2.28,2.46,2.6399999,2.79,3.04,3.22,3.32,3.37,3.26,2.6799998,2.06,1.49,1.37,1.3399999,1.38,1.86,2.3899999,2.75,3.06,2.69,2.6399999,2.77,3.35,3.81,4.23,4.62,5.0699997,5.74,6.74,7.71,8.47,8.88,9.13,9.24,9.309999,9.349999,9.45,9.4,9.24,9.08,9.05,9.15,9.26,9.32,9.36,9.46,9.66,10.0,10.45,10.91,11.23,11.2699995,11.059999,10.8,10.809999,11.09,11.4,11.61,11.71,11.86,12.0199995,12.12,11.969999,11.7699995,11.96,12.84,14.349999,15.9,16.949999,17.359999,16.93,15.71,14.36,14.049999,14.94,15.82,16.49,17.119999,17.56,17.49,17.33,17.369999,17.58,17.76
-46.375,-1.75,-1.64,-1.37,-1.04,-0.48,-0.12,0.08,0.16,0.17999999,0.19999999,0.25,0.26999998,0.28,0.45999998,0.9,1.54,2.01,2.22,2.1699998,2.18,2.3999999,2.75,3.05,3.07,3.1399999,3.08,2.7,2.1299999,1.5999999,1.37,1.3399999,1.18,1.4,2.07,2.52,2.82,2.78,2.82,2.87,3.5,4.02,4.46,4.8199997,5.24,5.89,6.87,7.8599997,8.639999,8.95,9.13,9.19,9.23,9.32,9.4,9.34,9.22,9.099999,9.08,9.19,9.309999,9.36,9.4,9.54,9.75,10.099999,10.5199995,10.88,11.08,11.05,10.87,10.67,10.71,10.99,11.37,11.74,12.04,12.33,12.46,12.429999,12.059999,11.83,12.179999,13.349999,14.94,16.27,17.0,17.0,16.34,14.95,13.61,13.66,14.96,15.849999,16.42,16.92,17.39,17.529999,17.49,17.529999,17.68,17.73
-46.125,-1.7099999,-1.62,-1.38,-1.01,-0.53999996,-0.19999999,0.0,0.13,0.19,0.22999999,0.28,0.25,0.29,0.65999997,1.23,1.92,2.28,2.2,1.9699999,1.88,2.08,2.4299998,2.84,2.87,3.01,3.03,2.6799998,2.12,1.5799999,1.35,1.37,1.1999999,1.51,2.04,2.49,2.6499999,2.61,2.78,2.81,3.53,4.14,4.6,4.93,5.5,6.17,7.1099997,8.059999,8.75,9.04,9.139999,9.139999,9.2,9.29,9.34,9.32,9.23,9.12,9.12,9.21,9.32,9.37,9.4,9.61,9.809999,10.13,10.4,10.5,10.49,10.46,10.469999,10.51,10.679999,10.99,11.38,11.8,12.15,12.429999,12.54,12.389999,12.08,11.96,12.57,13.96,15.5,16.5,16.779999,16.56,16.06,14.679999,13.33,13.24,14.62,15.5199995,16.02,16.5,17.07,17.369999,17.449999,17.6,17.779999,17.81
-45.875,-1.65,-1.5699999,-1.3399999,-1.01,-0.64,-0.34,-0.13,0.06,0.16,0.24,0.28,0.26,0.48999998,1.0,1.6999999,2.35,2.47,2.18,1.8199999,1.63,1.8199999,2.22,2.6499999,2.78,2.8999999,2.86,2.56,1.99,1.49,1.3299999,1.4,1.5799999,1.86,2.35,2.6399999,2.71,2.57,2.74,2.8899999,3.6699998,4.35,4.88,5.2599998,5.77,6.48,7.3799996,8.2699995,8.9,9.17,9.21,9.16,9.2,9.2699995,9.34,9.32,9.2699995,9.179999,9.17,9.23,9.32,9.349999,9.36,9.59,9.7699995,9.98,10.04,9.9,9.78,9.83,10.11,10.42,10.76,11.15,11.55,11.98,12.28,12.429999,12.41,12.259999,12.07,12.179999,13.12,14.65,15.98,16.539999,16.52,16.4,16.15,15.099999,13.66,13.139999,14.04,14.96,15.54,16.18,16.8,17.15,17.3,17.58,17.93,18.06
-45.625,-1.5899999,-1.49,-1.29,-1.04,-0.75,-0.48999998,-0.25,-0.06,0.099999994,0.21,0.25,0.38,0.78999996,1.4699999,2.1699998,2.59,2.47,2.07,1.64,1.48,1.65,2.05,2.45,2.79,2.82,2.61,2.23,1.78,1.38,1.3399999,1.42,1.8499999,2.22,2.56,2.87,2.85,2.58,2.6599998,2.8899999,3.6999998,4.48,5.15,5.65,6.2,6.8999996,7.7,8.47,9.04,9.29,9.2699995,9.19,9.13,9.22,9.33,9.36,9.33,9.25,9.21,9.25,9.309999,9.309999,9.29,9.5199995,9.71,9.88,9.849999,9.61,9.46,9.61,10.07,10.5,10.91,11.33,11.759999,12.2,12.46,12.509999,12.42,12.21,12.099999,12.54,13.719999,15.309999,16.35,16.56,16.369999,16.33,16.4,15.7699995,14.679999,13.96,14.23,14.849999,15.57,16.26,16.74,16.99,17.13,17.539999,18.06,18.3
-45.375,-1.53,-1.42,-1.25,-1.03,-0.84,-0.59999996,-0.35999998,-0.14999999,0.01,0.12,0.22,0.5,1.0699999,1.91,2.52,2.51,2.1399999,1.73,1.39,1.3299999,1.56,1.86,2.31,2.75,2.72,2.47,2.01,1.55,1.27,1.41,1.4699999,2.05,2.48,2.79,3.05,2.97,2.6299999,2.55,2.78,3.61,4.5499997,5.46,6.18,6.8399997,7.5299997,8.24,8.86,9.309999,9.5199995,9.45,9.26,9.13,9.2,9.32,9.37,9.349999,9.29,9.23,9.25,9.2699995,9.24,9.22,9.469999,9.73,9.969999,9.99,9.809999,9.73,9.929999,10.349999,10.73,11.07,11.44,11.91,12.41,12.679999,12.719999,12.559999,12.41,12.389999,12.94,14.29,15.83,16.609999,16.49,16.21,16.21,16.449999,16.44,15.929999,15.37,15.2699995,15.589999,16.109999,16.57,16.859999,16.94,17.029999,17.44,18.07,18.4
-45.125,-1.49,-1.38,-1.1899999,-1.0,-0.84999996,-0.64,-0.45,-0.22,-0.08,0.01,0.12,0.53,1.3,2.2,2.6499999,2.3,1.6999999,1.1999999,1.05,1.17,1.5,1.7099999,2.1299999,2.72,2.72,2.5,1.9499999,1.4,1.29,1.49,1.63,2.04,2.62,2.95,3.22,3.1499999,2.6699998,2.48,2.7,3.53,4.63,5.81,6.81,7.66,8.38,9.01,9.48,9.8,9.91,9.74,9.4,9.22,9.22,9.28,9.34,9.32,9.29,9.25,9.26,9.26,9.21,9.21,9.469999,9.82,10.13,10.2699995,10.24,10.26,10.429999,10.71,10.96,11.179999,11.45,11.929999,12.46,12.799999,12.91,12.79,12.57,12.69,13.259999,14.559999,16.0,16.66,16.46,16.119999,15.929999,16.24,16.529999,16.68,16.46,16.38,16.48,16.64,16.83,16.91,16.89,16.96,17.38,17.97,18.38
-44.875,-1.51,-1.37,-1.1899999,-0.98999995,-0.84999996,-0.71999997,-0.5,-0.26999998,-0.11,-0.07,0.049999997,0.5,1.3199999,2.1699998,2.51,1.92,1.2099999,0.76,0.76,0.98999995,1.31,1.55,1.92,2.58,2.78,2.59,2.04,1.48,1.4399999,1.62,1.62,2.06,2.5,2.9299998,3.26,3.1899998,2.76,2.46,2.6699998,3.49,4.7,6.1,7.3599997,8.44,9.23,9.84,10.2,10.38,10.349999,10.0199995,9.559999,9.29,9.179999,9.21,9.2699995,9.2699995,9.26,9.2699995,9.2699995,9.28,9.23,9.26,9.5199995,9.94,10.349999,10.58,10.639999,10.679999,10.79,10.94,11.059999,11.15,11.309999,11.7699995,12.28,12.65,12.849999,12.809999,12.61,12.65,13.15,14.34,15.78,16.51,16.42,16.09,15.849999,15.92,16.35,16.71,16.77,16.73,16.779999,16.84,16.859999,16.789999,16.77,16.93,17.34,17.82,18.19
